Proveedor,Peso
Proveedor 1,287
Proveedor 1,316
Proveedor 1,282
Proveedor 1,327
Proveedor 1,270
Proveedor 1,240
Proveedor 1,326
Proveedor 1,7751
Proveedor 1,7757
Proveedor 1,7808
Proveedor 1,278
Proveedor 1,271
Proveedor 1,261
Proveedor 1,308
Proveedor 1,236
Proveedor 1,324
Proveedor 1,313
Proveedor 1,308
Proveedor 1,256
Proveedor 1,331
Proveedor 1,293
Proveedor 1,247
Proveedor 1,243
Proveedor 1,239
Proveedor 1,247
Proveedor 1,275
Proveedor 1,303
Proveedor 1,239
Proveedor 1,257
Proveedor 1,333
Proveedor 1,266
Proveedor 1,270
Proveedor 1,278
Proveedor 1,313
Proveedor 1,338
Proveedor 1,256
Proveedor 1,303
Proveedor 1,293
Proveedor 1,258
Proveedor 1,258
Proveedor 1,337
Proveedor 1,298
Proveedor 1,324
Proveedor 1,245
Proveedor 1,298
Proveedor 1,323
Proveedor 1,326
Proveedor 1,288
Proveedor 1,296
Proveedor 1,266
Proveedor 2,349
Proveedor 2,306
Proveedor 2,393
Proveedor 2,349
Proveedor 2,345
Proveedor 2,356
Proveedor 2,362
Proveedor 2,335
Proveedor 2,375
Proveedor 2,372
Proveedor 2,310
Proveedor 2,329
Proveedor 2,392
Proveedor 2,333
Proveedor 2,309
Proveedor 2,329
Proveedor 2,338
Proveedor 2,303
Proveedor 2,299
Proveedor 2,391
Proveedor 2,310
Proveedor 2,387
Proveedor 2,299
Proveedor 2,391
Proveedor 2,292
Proveedor 2,292
Proveedor 2,298
Proveedor 2,294
Proveedor 2,303
Proveedor 2,359
Proveedor 2,357
Proveedor 2,299
Proveedor 2,321
Proveedor 2,370
Proveedor 2,327
Proveedor 2,348
Proveedor 2,341
Proveedor 2,397
Proveedor 2,365
Proveedor 2,378
Proveedor 2,340
Proveedor 2,294
Proveedor 2,307
Proveedor 2,358
Proveedor 2,379
Proveedor 2,303
Proveedor 2,394
Proveedor 2,305
Proveedor 2,371
Proveedor 2,334
Proveedor 3,267
Proveedor 3,236
Proveedor 3,281
Proveedor 3,216
Proveedor 3,272
Proveedor 3,240
Proveedor 3,265
Proveedor 3,204
Proveedor 3,205
Proveedor 3,245
Proveedor 3,202
Proveedor 3,243
Proveedor 3,275
Proveedor 3,226
Proveedor 3,266
Proveedor 3,221
Proveedor 3,201
Proveedor 3,270
Proveedor 3,237
Proveedor 3,190
Proveedor 3,204
Proveedor 3,216
Proveedor 3,292
Proveedor 3,191
Proveedor 3,196
Proveedor 3,195
Proveedor 3,263
Proveedor 3,239
Proveedor 3,226
Proveedor 3,233
Proveedor 3,267
Proveedor 3,202
Proveedor 3,261
Proveedor 3,190
Proveedor 3,240
Proveedor 3,191
Proveedor 3,259
Proveedor 3,275
Proveedor 3,268
Proveedor 3,261
Proveedor 3,270
Proveedor 3,226
Proveedor 3,228
Proveedor 3,214
Proveedor 3,229
Proveedor 3,218
Proveedor 3,236
Proveedor 3,197
Proveedor 3,242
Proveedor 3,198
Proveedor 4,324
Proveedor 4,232
Proveedor 4,265
Proveedor 4,259
Proveedor 4,300
Proveedor 4,288
Proveedor 4,291
Proveedor 4,246
Proveedor 4,252
Proveedor 4,291
Proveedor 4,231
Proveedor 4,299
Proveedor 4,296
Proveedor 4,247
Proveedor 4,323
Proveedor 4,237
Proveedor 4,299
Proveedor 4,244
Proveedor 4,298
Proveedor 4,288
Proveedor 4,287
Proveedor 4,296
Proveedor 4,327
Proveedor 4,299
Proveedor 4,266
Proveedor 4,319
Proveedor 4,286
Proveedor 4,249
Proveedor 4,237
Proveedor 4,237
Proveedor 4,232
Proveedor 4,277
Proveedor 4,270
Proveedor 4,254
Proveedor 4,265
Proveedor 4,231
Proveedor 4,251
Proveedor 4,247
Proveedor 4,315
Proveedor 4,302
Proveedor 4,231
Proveedor 4,278
Proveedor 4,324
Proveedor 4,296
Proveedor 4,223
Proveedor 4,256
Proveedor 4,313
Proveedor 4,279
Proveedor 4,294
Proveedor 4,326
